{
  "filter_name": "ensemble",
  "method": "weighted_average",
  "weights": {
    "fdi": 0.3333333333333333,
    "ndvi": 0.3333333333333333,
    "plastic_index": 0.3333333333333333
  },
  "valid_filters": 3,
  "detections": 2433,
  "detection_rate": 0.618743896484375,
  "ensemble_score_range": {
    "min": 0.0,
    "max": 1.0
  }
}