{
  "filter_name": "NDVI",
  "vegetation_threshold": 0.3,
  "detections": 39450,
  "detection_rate": 100.0,
  "ndvi_stats": {
    "count": 39450,
    "mean": -0.38411396741867065,
    "std": 0.279092013835907,
    "min": -0.999952495098114,
    "max": -4.6997183744679205e-06
  }
}