{
  "filter_name": "Plastic_Index",
  "threshold_used": 5.66606330871582,
  "adaptive_threshold": true,
  "detections": 1973,
  "detection_rate": 5.001267427122941,
  "plastic_index_stats": {
    "count": 39450,
    "mean": 3.4137966632843018,
    "std": 146.11927795410156,
    "min": 0.015732936561107635,
    "max": 28113.177734375
  }
}